P1KG8534,BaromKagyu
P7420,BaromKagyu
P1TLMTGA000157,BaromKagyu
P10244,Bodong
P10245,Bodong
P1090,Bodong
P2085,Bodong
P2375,Bodong
P2464,Bodong
P2627,Bodong
P2922,Bodong
P2CZ7891,Bodong
P2GS1053,Bodong
P3CN26645,Bodong
P3JT12493,Bodong
P7003,Bodong
P7004,Bodong
P7005,Bodong
P7006,Bodong
P7007,Bodong
P7008,Bodong
P7009,Bodong
P7583,Bodong
P8LS12641,Bodong
P8LS12642,Bodong
P8LS12643,Bodong
P8LS12644,Bodong
P8LS12645,Bodong
P8LS12646,Bodong
P8LS12647,Bodong
P8LS12713,Bodong
P8LS12714,Bodong
P8LS12715,Bodong
P8LS12716,Bodong
P8LS12717,Bodong
P8LS12718,Bodong
P8LS3573,Bodong
P5264,Bodong
P1123,Bon
P11MS153,Bon
P1655,Bon
P1663,Bon
P1665,Bon
P1675,Bon
P1CZ2379,Bon
P1KG23220,Bon
P1KG8530,Bon
P265,Bon
P278,Bon
P2CN11123,Bon
P2CN11124,Bon
P2CN11126,Bon
P2CN11127,Bon
P2CN11128,Bon
P2CN11130,Bon
P3AG15,Bon
P3CN1564,Bon
P3CN22014,Bon
P3CN8472,Bon
P4261,Bon
P4CN12039,Bon
P4CZ299880,Bon
P5635,Bon
P6089,Bon
P6980,Bon
P7130,Bon
P7819,Bon
P7820,Bon
P7821,Bon
P7822,Bon
P7824,Bon
P7826,Bon
P7827,Bon
P8LS66561,Bon
P8LS75456,Bon
P9269,Bon
P9270,Bon
P9271,Bon
P9272,Bon
P9273,Bon
P9275,Bon
P9276,Bon
P9280,Bon
P9282,Bon
P9287,Bon
P9288,Bon
P9300,Bon
P9693,Bon
P9697,Bon
P9807,Bon
P1654,Bon
P1656,Bon
P1662,Bon
P1669,Bon
P1670,Bon
P1673,Bon
P1676,Bon
P1678,Bon
P1683,Bon
P1685,Bon
P1922,Bon
P40,Bon
P6873,Bon
P7689,Bon
P1KG1389,Bon
P8258,Bon
P8LS17586,Bon
P8LS66418,Bon
P8LS73713,Bon
P11MS155,Bon
P9283,Bon
P9286,Bon
P9295,Bon
P9307,Bon
P9312,Bon
P9314,Bon
P9318,Bon
P9320,Bon
P9321,Bon
P9322,Bon
P9326,Bon
P9329,Bon
P9330,Bon
P6409,Bon
P9293,Bon
P9331,Bon
P9306,Bon
P3CN363,"Bon, Nyingma"
P6164,"Bon, Nyingma"
P8LS13436,"Bon, Sakya"
P3312,Chod
P1243,Chod
P1360,DakpoKagyu
P1432,DakpoKagyu
P1844,DakpoKagyu
P1845,DakpoKagyu
P2577,DakpoKagyu
P3866,DakpoKagyu
P4573,DakpoKagyu
P5786,DakpoKagyu
P5827,DakpoKagyu
P6601,DakpoKagyu
P758,DakpoKagyu
P816,DakpoKagyu
P955,DakpoKagyu
P1440,DakpoKagyu
P1457,DakpoKagyu
P1694,DakpoKagyu
P3085,DakpoKagyu
P318,DakpoKagyu
P4024,DakpoKagyu
P442,DakpoKagyu
P4441,DakpoKagyu
P513,DakpoKagyu
P5632,DakpoKagyu
P5897,DakpoKagyu
P5964,DakpoKagyu
P617,DakpoKagyu
P6186,DakpoKagyu
P6187,DakpoKagyu
P6208,DakpoKagyu
P7657,DakpoKagyu
P822,DakpoKagyu
P827,DakpoKagyu
P853,DakpoKagyu
P8LS12933,DakpoKagyu
P941,DakpoKagyu
P1514,"DakpoKagyu, Nyingma"
P3CN19926,"DakpoKagyu, Nyingma"
P127,"DakpoKagyu, PhagGruKagyu"
P2636,"DakpoKagyu, Rime"
P16,DrigungKagyu
P00KG09672,DrigungKagyu
P10236,DrigungKagyu
P10242,DrigungKagyu
P131,DrigungKagyu
P132,DrigungKagyu
P1485,DrigungKagyu
P1956,DrigungKagyu
P1959,DrigungKagyu
P1965,DrigungKagyu
P1AG1,DrigungKagyu
P1AG10,DrigungKagyu
P1AG11,DrigungKagyu
P1AG23,DrigungKagyu
P1AG3,DrigungKagyu
P1AG5,DrigungKagyu
P1GS53528,DrigungKagyu
P2210,DrigungKagyu
P2221,DrigungKagyu
P2222,DrigungKagyu
P2223,DrigungKagyu
P2224,DrigungKagyu
P2225,DrigungKagyu
P2226,DrigungKagyu
P2227,DrigungKagyu
P2228,DrigungKagyu
P2229,DrigungKagyu
P2231,DrigungKagyu
P2232,DrigungKagyu
P2233,DrigungKagyu
P2234,DrigungKagyu
P2235,DrigungKagyu
P2236,DrigungKagyu
P2237,DrigungKagyu
P2238,DrigungKagyu
P2239,DrigungKagyu
P2240,DrigungKagyu
P2252,DrigungKagyu
P2666,DrigungKagyu
P291,DrigungKagyu
P2JM236,DrigungKagyu
P330,DrigungKagyu
P399,DrigungKagyu
P3CN10672,DrigungKagyu
P4107,DrigungKagyu
P416,DrigungKagyu
P4578,DrigungKagyu
P4579,DrigungKagyu
P4581,DrigungKagyu
P4582,DrigungKagyu
P4583,DrigungKagyu
P4584,DrigungKagyu
P4585,DrigungKagyu
P4586,DrigungKagyu
P4587,DrigungKagyu
P4588,DrigungKagyu
P4589,DrigungKagyu
P4590,DrigungKagyu
P466,DrigungKagyu
P4665,DrigungKagyu
P4668,DrigungKagyu
P4691,DrigungKagyu
P4692,DrigungKagyu
P4693,DrigungKagyu
P4CZ10369,DrigungKagyu
P4CZ10439,DrigungKagyu
P4CZ10506,DrigungKagyu
P503,DrigungKagyu
P6574,DrigungKagyu
P6575,DrigungKagyu
P7669,DrigungKagyu
P7719,DrigungKagyu
P845,DrigungKagyu
P8567,DrigungKagyu
P8568,DrigungKagyu
P8572,DrigungKagyu
P8735,DrigungKagyu
P8872,DrigungKagyu
P8LS12189,DrigungKagyu
P8LS13089,DrigungKagyu
P8LS13090,DrigungKagyu
P935,DrigungKagyu
P952,DrigungKagyu
P998,DrigungKagyu
P133,DrigungKagyu
P7635,DrigungKagyu
P7636,DrigungKagyu
P7836,DrigungKagyu
P11MS248,DrigungKagyu
P1AG24,DrigungKagyu
P1AG25,DrigungKagyu
P2230,"DrigungKagyu, Nyingma"
P4580,"DrigungKagyu, Rime"
P1PD108247,"DrigungKagyu, Sakya"
P2CN11094,"DrigungKagyu, Sakya"
P910,DrukpaKagyu
P00KG03959,DrukpaKagyu
P10137,DrukpaKagyu
P10138,DrukpaKagyu
P10139,DrukpaKagyu
P10337,DrukpaKagyu
P1374,DrukpaKagyu
P1375,DrukpaKagyu
P14,DrukpaKagyu
P1718,DrukpaKagyu
P1932,DrukpaKagyu
P1KG3828,DrukpaKagyu
P1KG5738,DrukpaKagyu
P1PD108567,DrukpaKagyu
P2088,DrukpaKagyu
P2628,DrukpaKagyu
P2629,DrukpaKagyu
P2630,DrukpaKagyu
P2631,DrukpaKagyu
P2632,DrukpaKagyu
P2633,DrukpaKagyu
P2635,DrukpaKagyu
P2GS1102,DrukpaKagyu
P313,DrukpaKagyu
P3527,DrukpaKagyu
P3CN19895,DrukpaKagyu
P3CN26628,DrukpaKagyu
P3CN26632,DrukpaKagyu
P3CN26634,DrukpaKagyu
P3JT12436,DrukpaKagyu
P4072,DrukpaKagyu
P4477,DrukpaKagyu
P4478,DrukpaKagyu
P4479,DrukpaKagyu
P5050,DrukpaKagyu
P509,DrukpaKagyu
P510,DrukpaKagyu
P511,DrukpaKagyu
P512,DrukpaKagyu
P5146,DrukpaKagyu
P5154,DrukpaKagyu
P5160,DrukpaKagyu
P5161,DrukpaKagyu
P5162,DrukpaKagyu
P5164,DrukpaKagyu
P5165,DrukpaKagyu
P517,DrukpaKagyu
P522,DrukpaKagyu
P523,DrukpaKagyu
P5242,DrukpaKagyu
P5244,DrukpaKagyu
P527,DrukpaKagyu
P528,DrukpaKagyu
P530,DrukpaKagyu
P531,DrukpaKagyu
P533,DrukpaKagyu
P534,DrukpaKagyu
P538,DrukpaKagyu
P539,DrukpaKagyu
P540,DrukpaKagyu
P541,DrukpaKagyu
P543,DrukpaKagyu
P5441,DrukpaKagyu
P5442,DrukpaKagyu
P5443,DrukpaKagyu
P5444,DrukpaKagyu
P5446,DrukpaKagyu
P547,DrukpaKagyu
P548,DrukpaKagyu
P550,DrukpaKagyu
P551,DrukpaKagyu
P552,DrukpaKagyu
P554,DrukpaKagyu
P557,DrukpaKagyu
P5638,DrukpaKagyu
P567,DrukpaKagyu
P568,DrukpaKagyu
P569,DrukpaKagyu
P570,DrukpaKagyu
P573,DrukpaKagyu
P574,DrukpaKagyu
P575,DrukpaKagyu
P577,DrukpaKagyu
P578,DrukpaKagyu
P579,DrukpaKagyu
P583,DrukpaKagyu
P584,DrukpaKagyu
P5846,DrukpaKagyu
P585,DrukpaKagyu
P586,DrukpaKagyu
P587,DrukpaKagyu
P5874,DrukpaKagyu
P5878,DrukpaKagyu
P5879,DrukpaKagyu
P588,DrukpaKagyu
P5881,DrukpaKagyu
P5883,DrukpaKagyu
P5892,DrukpaKagyu
P590,DrukpaKagyu
P591,DrukpaKagyu
P593,DrukpaKagyu
P594,DrukpaKagyu
P595,DrukpaKagyu
P596,DrukpaKagyu
P597,DrukpaKagyu
P598,DrukpaKagyu
P599,DrukpaKagyu
P601,DrukpaKagyu
P602,DrukpaKagyu
P603,DrukpaKagyu
P604,DrukpaKagyu
P605,DrukpaKagyu
P606,DrukpaKagyu
P607,DrukpaKagyu
P611,DrukpaKagyu
P612,DrukpaKagyu
P614,DrukpaKagyu
P615,DrukpaKagyu
P618,DrukpaKagyu
P619,DrukpaKagyu
P6757,DrukpaKagyu
P7186,DrukpaKagyu
P754,DrukpaKagyu
P755,DrukpaKagyu
P759,DrukpaKagyu
P762,DrukpaKagyu
P764,DrukpaKagyu
P765,DrukpaKagyu
P7659,DrukpaKagyu
P766,DrukpaKagyu
P769,DrukpaKagyu
P7871,DrukpaKagyu
P825,DrukpaKagyu
P842,DrukpaKagyu
P843,DrukpaKagyu
P846,DrukpaKagyu
P8466,DrukpaKagyu
P848,DrukpaKagyu
P849,DrukpaKagyu
P863,DrukpaKagyu
P864,DrukpaKagyu
P869,DrukpaKagyu
P872,DrukpaKagyu
P873,DrukpaKagyu
P874,DrukpaKagyu
P877,DrukpaKagyu
P880,DrukpaKagyu
P883,DrukpaKagyu
P886,DrukpaKagyu
P8LS12458,DrukpaKagyu
P8LS12744,DrukpaKagyu
P8LS12745,DrukpaKagyu
P8LS12746,DrukpaKagyu
P8LS12747,DrukpaKagyu
P8LS12748,DrukpaKagyu
P8LS12749,DrukpaKagyu
P8LS12750,DrukpaKagyu
P8LS12752,DrukpaKagyu
P8LS12753,DrukpaKagyu
P8LS13411,DrukpaKagyu
P8LS75192,DrukpaKagyu
P8LS75193,DrukpaKagyu
P8LS75220,DrukpaKagyu
P8LS75656,DrukpaKagyu
P8LS76434,DrukpaKagyu
P909,DrukpaKagyu
P913,DrukpaKagyu
P914,DrukpaKagyu
P915,DrukpaKagyu
P916,DrukpaKagyu
P918,DrukpaKagyu
P920,DrukpaKagyu
P921,DrukpaKagyu
P922,DrukpaKagyu
P923,DrukpaKagyu
P924,DrukpaKagyu
P940,DrukpaKagyu
P1043,DrukpaKagyu
P2455,DrukpaKagyu
P331,DrukpaKagyu
P4278,DrukpaKagyu
P5170,DrukpaKagyu
P5262,DrukpaKagyu
P5884,DrukpaKagyu
P5916,DrukpaKagyu
P620,DrukpaKagyu
P888,DrukpaKagyu
P1KG5384,DrukpaKagyu
P4252,DrukpaKagyu
P580,DrukpaKagyu
P727,DrukpaKagyu
P7498,DrukpaKagyu
P7661,DrukpaKagyu
P7855,DrukpaKagyu
P840,DrukpaKagyu
P862,DrukpaKagyu
P891,DrukpaKagyu
P933,DrukpaKagyu
P912,DrukpaKagyu
P7743,"DrukpaKagyu, Geluk"
P7857,"DrukpaKagyu, Geluk"
P2090,"DrukpaKagyu, TodrukKagyu"
P1591,Geluk
P108,Geluk
P2425,Geluk
P3308,Geluk
P711,Geluk
P00EGS1016721,Geluk
P00EGS1016970,Geluk
P00KG08454,Geluk
P1,Geluk
P1000,Geluk
P1001,Geluk
P1003,Geluk
P1004,Geluk
P10088,Geluk
P101,Geluk
P10141,Geluk
P10144,Geluk
P10149,Geluk
P10235,Geluk
P10248,Geluk
P10249,Geluk
P10251,Geluk
P10252,Geluk
P10253,Geluk
P10281,Geluk
P10304,Geluk
P10305,Geluk
P10318,Geluk
P10319,Geluk
P10320,Geluk
P10342,Geluk
P10343,Geluk
P10344,Geluk
P10361,Geluk
P10451,Geluk
P10452,Geluk
P10453,Geluk
P10490,Geluk
P10491,Geluk
P10492,Geluk
P105,Geluk
P106,Geluk
P10649,Geluk
P10650,Geluk
P10651,Geluk
P10656,Geluk
P10657,Geluk
P10658,Geluk
P10679,Geluk
P10694,Geluk
P10695,Geluk
P10696,Geluk
P10698,Geluk
P10700,Geluk
P10701,Geluk
P10703,Geluk
P10704,Geluk
P1078,Geluk
P1079,Geluk
P1080,Geluk
P1083,Geluk
P109,Geluk
P1098,Geluk
P1115,Geluk
P1117,Geluk
P1118,Geluk
P1136,Geluk
P1137,Geluk
P1138,Geluk
P114,Geluk
P1142,Geluk
P1143,Geluk
P1159,Geluk
P1168,Geluk
P1176,Geluk
P1177,Geluk
P1178,Geluk
P1179,Geluk
P1180,Geluk
P1181,Geluk
P1182,Geluk
P1185,Geluk
P1186,Geluk
P1195,Geluk
P120,Geluk
P1200,Geluk
P1204,Geluk
P1206,Geluk
P1207,Geluk
P122,Geluk
P1236,Geluk
P1237,Geluk
P124,Geluk
P1253,Geluk
P1255,Geluk
P1258,Geluk
P1259,Geluk
P1269,Geluk
P1270,Geluk
P1277,Geluk
P1289,Geluk
P1293,Geluk
P1296,Geluk
P1468,Geluk
P1470,Geluk
P1495,Geluk
P1498,Geluk
P1499,Geluk
P1504,Geluk
P1521,Geluk
P1526,Geluk
P1554,Geluk
P1559,Geluk
P1561,Geluk
P1563,Geluk
P1566,Geluk
P1573,Geluk
P1574,Geluk
P1595,Geluk
P1596,Geluk
P1604,Geluk
P1611,Geluk
P1624,Geluk
P1629,Geluk
P163,Geluk
P1632,Geluk
P1633,Geluk
P1635,Geluk
P1636,Geluk
P1637,Geluk
P164,Geluk
P1640,Geluk
P1646,Geluk
P1648,Geluk
P165,Geluk
P1650,Geluk
P166,Geluk
P167,Geluk
P168,Geluk
P169,Geluk
P170,Geluk
P172,Geluk
P1727,Geluk
P1729,Geluk
P173,Geluk
P1736,Geluk
P1737,Geluk
P1746,Geluk
P1748,Geluk
P1749,Geluk
P1750,Geluk
P1751,Geluk
P1752,Geluk
P1753,Geluk
P1756,Geluk
P1758,Geluk
P176,Geluk
P1763,Geluk
P1764,Geluk
P1765,Geluk
P1768,Geluk
P1769,Geluk
P177,Geluk
P1770,Geluk
P1789,Geluk
P179,Geluk
P1795,Geluk
P1799,Geluk
P181,Geluk
P1812,Geluk
P1813,Geluk
P1814,Geluk
P1819,Geluk
P182,Geluk
P1820,Geluk
P1829,Geluk
P1846,Geluk
P1847,Geluk
P1849,Geluk
P1859,Geluk
P1860,Geluk
P1889,Geluk
P1892,Geluk
P1893,Geluk
P1895,Geluk
P1896,Geluk
P1897,Geluk
P1898,Geluk
P1899,Geluk
P190,Geluk
P1902,Geluk
P1927,Geluk
P1934,Geluk
P194,Geluk
P1954,Geluk
P196,Geluk
P197,Geluk
P1974,Geluk
P1975,Geluk
P1979,Geluk
P1981,Geluk
P1988,Geluk
P199,Geluk
P1995,Geluk
P1996,Geluk
P1999,Geluk
P1GS107429,Geluk
P1GS58297,Geluk
P1KG12424,Geluk
P1KG13162,Geluk
P1KG13163,Geluk
P1KG13841,Geluk
P1KG14496,Geluk
P1KG14497,Geluk
P1KG14801,Geluk
P1KG15991,Geluk
P1KG15992,Geluk
P1KG15993,Geluk
P1KG15994,Geluk
P1KG16209,Geluk
P1KG16217,Geluk
P1KG1876,Geluk
P1KG1877,Geluk
P1KG26417,Geluk
P1KG3373,Geluk
P1KG3389,Geluk
P1KG3898,Geluk
P1KG3899,Geluk
P1KG3996,Geluk
P1KG4775,Geluk
P1KG5134,Geluk
P1KG546,Geluk
P1KG803,Geluk
P1KG8472,Geluk
P1KG8726,Geluk
P1KT12,Geluk
P1PD102748,Geluk
P1PD102803,Geluk
P1PD107897,Geluk
P1PD107898,Geluk
P1PD108086,Geluk
P1PD117982,Geluk
P1PD76756,Geluk
P1PD76759,Geluk
P1PD76761,Geluk
P1PD82385,Geluk
P1PD90231,Geluk
P1PD96458,Geluk
P2006,Geluk
P2033,Geluk
P2036,Geluk
P2043,Geluk
P2048,Geluk
P2052,Geluk
P2064,Geluk
P2065,Geluk
P2067,Geluk
P2068,Geluk
P2069,Geluk
P2071,Geluk
P2072,Geluk
P2076,Geluk
P2086,Geluk
P209,Geluk
P2091,Geluk
P2093,Geluk
P2094,Geluk
P2095,Geluk
P21,Geluk
P2104,Geluk
P2108,Geluk
P2111,Geluk
P2112,Geluk
P2113,Geluk
P2114,Geluk
P2115,Geluk
P2116,Geluk
P2118,Geluk
P2119,Geluk
P2120,Geluk
P2121,Geluk
P2122,Geluk
P2123,Geluk
P2124,Geluk
P2125,Geluk
P213,Geluk
P2147,Geluk
P215,Geluk
P2157,Geluk
P2164,Geluk
P2167,Geluk
P2177,Geluk
P2178,Geluk
P2190,Geluk
P2191,Geluk
P2192,Geluk
P2195,Geluk
P2196,Geluk
P2197,Geluk
P2198,Geluk
P22,Geluk
P2203,Geluk
P2206,Geluk
P221,Geluk
P2211,Geluk
P2212,Geluk
P224,Geluk
P2257,Geluk
P2258,Geluk
P2269,Geluk
P2283,Geluk
P229,Geluk
P230,Geluk
P2304,Geluk
P2311,Geluk
P233,Geluk
P2345,Geluk
P2347,Geluk
P2348,Geluk
P236,Geluk
P237,Geluk
P238,Geluk
P239,Geluk
P2390,Geluk
P2393,Geluk
P2394,Geluk
P2403,Geluk
P2406,Geluk
P2411,Geluk
P242,Geluk
P2429,Geluk
P2434,Geluk
P2435,Geluk
P244,Geluk
P245,Geluk
P249,Geluk
P25,Geluk
P250,Geluk
P2500,Geluk
P251,Geluk
P253,Geluk
P254,Geluk
P2543,Geluk
P255,Geluk
P2555,Geluk
P2556,Geluk
P2565,Geluk
P2566,Geluk
P2567,Geluk
P2568,Geluk
P2569,Geluk
P257,Geluk
P2570,Geluk
P2573,Geluk
P2575,Geluk
P2592,Geluk
P260,Geluk
P263,Geluk
P266,Geluk
P267,Geluk
P268,Geluk
P269,Geluk
P273,Geluk
P274,Geluk
P275,Geluk
P2756,Geluk
P2757,Geluk
P2758,Geluk
P2759,Geluk
P2760,Geluk
P2761,Geluk
P2762,Geluk
P2763,Geluk
P2764,Geluk
P2765,Geluk
P2766,Geluk
P2767,Geluk
P2768,Geluk
P2769,Geluk
P277,Geluk
P279,Geluk
P28,Geluk
P281,Geluk
P283,Geluk
P284,Geluk
P285,Geluk
P2866,Geluk
P290,Geluk
P2918,Geluk
P292,Geluk
P294,Geluk
P2963,Geluk
P2964,Geluk
P2965,Geluk
P2966,Geluk
P2968,Geluk
P297,Geluk
P2976,Geluk
P298,Geluk
P2AG1,Geluk
P2AG11,Geluk
P2AG12,Geluk
P2AG13,Geluk
P2AG14,Geluk
P2AG15,Geluk
P2AG2,Geluk
P2AG23,Geluk
P2AG24,Geluk
P2AG4,Geluk
P2AG5,Geluk
P2AG8,Geluk
P2CN22,Geluk
P2CN4771,Geluk
P2CZ7506,Geluk
P2CZ7884,Geluk
P2CZ8051,Geluk
P2CZ8053,Geluk
P2CZ8066,Geluk
P2CZ9156,Geluk
P2DB25460,Geluk
P2DB4596,Geluk
P2DB5991,Geluk
P2DB5992,Geluk
P2DB6814,Geluk
P2GS1311,Geluk
P2JM411,Geluk
P2JM473,Geluk
P2KG1684,Geluk
P2KG209127,Geluk
P2KG209846,Geluk
P2KG209860,Geluk
P2KG209861,Geluk
P2KG210030,Geluk
P2KG210031,Geluk
P2KG210032,Geluk
P2KG210033,Geluk
P2KG210034,Geluk
P2KG230159,Geluk
P2KT5,Geluk
P2PD16916,Geluk
P3003,Geluk
P301,Geluk
P302,Geluk
P3027,Geluk
P304,Geluk
P305,Geluk
P306,Geluk
P307,Geluk
P3070,Geluk
P3080,Geluk
P3081,Geluk
P3083,Geluk
P3096,Geluk
P31,Geluk
P310,Geluk
P311,Geluk
P3116,Geluk
P312,Geluk
P315,Geluk
P3151,Geluk
P3152,Geluk
P3153,Geluk
P3154,Geluk
P3155,Geluk
P3156,Geluk
P3157,Geluk
P3158,Geluk
P3159,Geluk
P316,Geluk
P3160,Geluk
P3165,Geluk
P3166,Geluk
P3167,Geluk
P3170,Geluk
P3192,Geluk
P3194,Geluk
P322,Geluk
P324,Geluk
P3242,Geluk
P3243,Geluk
P329,Geluk
P332,Geluk
P333,Geluk
P3347,Geluk
P3354,Geluk
P3369,Geluk
P337,Geluk
P339,Geluk
P34,Geluk
P340,Geluk
P3434,Geluk
P3436,Geluk
P344,Geluk
P3450,Geluk
P3451,Geluk
P3452,Geluk
P3477,Geluk
P3489,Geluk
P3490,Geluk
P3496,Geluk
P35,Geluk
P350,Geluk
P351,Geluk
P352,Geluk
P353,Geluk
P3537,Geluk
P3548,Geluk
P355,Geluk
P3550,Geluk
P3551,Geluk
P3554,Geluk
P3558,Geluk
P3559,Geluk
P3560,Geluk
P3577,Geluk
P3579,Geluk
P358,Geluk
P3602,Geluk
P3605,Geluk
P3606,Geluk
P3616,Geluk
P3619,Geluk
P362,Geluk
P3620,Geluk
P3623,Geluk
P3624,Geluk
P3626,Geluk
P3629,Geluk
P3635,Geluk
P3650,Geluk
P3652,Geluk
P3663,Geluk
P3669,Geluk
P368,Geluk
P3681,Geluk
P3684,Geluk
P3687,Geluk
P3690,Geluk
P3691,Geluk
P371,Geluk
P3710,Geluk
P3713,Geluk
P373,Geluk
P374,Geluk
P3781,Geluk
P3788,Geluk
P3790,Geluk
P3791,Geluk
P3799,Geluk
P38,Geluk
P3800,Geluk
P3801,Geluk
P3802,Geluk
P3803,Geluk
P3808,Geluk
P3810,Geluk
P3811,Geluk
P382,Geluk
P3825,Geluk
P384,Geluk
P387,Geluk
P388,Geluk
P3912,Geluk
P3913,Geluk
P392,Geluk
P3921,Geluk
P3923,Geluk
P3924,Geluk
P3939,Geluk
P3941,Geluk
P3942,Geluk
P3943,Geluk
P3944,Geluk
P395,Geluk
P3950,Geluk
P3951,Geluk
P3952,Geluk
P3953,Geluk
P3954,Geluk
P3955,Geluk
P3956,Geluk
P3957,Geluk
P3958,Geluk
P3959,Geluk
P3961,Geluk
P398,Geluk
P3AG57,Geluk
P3AG62,Geluk
P3CN1666,Geluk
P3CN22046,Geluk
P3CN26636,Geluk
P3CN26910,Geluk
P3CN8453,Geluk
P3CN8631,Geluk
P402,Geluk
P4055,Geluk
P4057,Geluk
P4065,Geluk
P4066,Geluk
P4067,Geluk
P4073,Geluk
P4074,Geluk
P4075,Geluk
P4076,Geluk
P4077,Geluk
P4078,Geluk
P4079,Geluk
P4080,Geluk
P4081,Geluk
P4082,Geluk
P4084,Geluk
P4085,Geluk
P4089,Geluk
P409,Geluk
P4091,Geluk
P4094,Geluk
P4098,Geluk
P410,Geluk
P4102,Geluk
P4106,Geluk
P4115,Geluk
P4117,Geluk
P4118,Geluk
P412,Geluk
P4120,Geluk
P4122,Geluk
P4124,Geluk
P4125,Geluk
P4126,Geluk
P4127,Geluk
P4128,Geluk
P4129,Geluk
P413,Geluk
P4130,Geluk
P4131,Geluk
P415,Geluk
P4150,Geluk
P4162,Geluk
P4176,Geluk
P4179,Geluk
P4182,Geluk
P4183,Geluk
P4185,Geluk
P4186,Geluk
P4195,Geluk
P4207,Geluk
P4208,Geluk
P421,Geluk
P4219,Geluk
P422,Geluk
P4222,Geluk
P4224,Geluk
P4229,Geluk
P423,Geluk
P4230,Geluk
P4231,Geluk
P4234,Geluk
P424,Geluk
P4247,Geluk
P4248,Geluk
P426,Geluk
P427,Geluk
P4273,Geluk
P4304,Geluk
P4305,Geluk
P4306,Geluk
P4311,Geluk
P432,Geluk
P433,Geluk
P4332,Geluk
P4337,Geluk
P4338,Geluk
P4340,Geluk
P4348,Geluk
P4357,Geluk
P4358,Geluk
P4362,Geluk
P4385,Geluk
P4389,Geluk
P4390,Geluk
P4391,Geluk
P4392,Geluk
P4393,Geluk
P4394,Geluk
P4399,Geluk
P4400,Geluk
P4409,Geluk
P4434,Geluk
P4435,Geluk
P4449,Geluk
P4450,Geluk
P4451,Geluk
P4462,Geluk
P4463,Geluk
P4464,Geluk
P4465,Geluk
P4466,Geluk
P4467,Geluk
P4468,Geluk
P4469,Geluk
P447,Geluk
P4470,Geluk
P4471,Geluk
P4480,Geluk
P4481,Geluk
P4482,Geluk
P4483,Geluk
P4484,Geluk
P4487,Geluk
P4488,Geluk
P4493,Geluk
P4498,Geluk
P451,Geluk
P4511,Geluk
P4532,Geluk
P4533,Geluk
P4534,Geluk
P4535,Geluk
P4538,Geluk
P4539,Geluk
P4542,Geluk
P455,Geluk
P4551,Geluk
P4553,Geluk
P4555,Geluk
P4615,Geluk
P4627,Geluk
P4628,Geluk
P4647,Geluk
P4649,Geluk
P4650,Geluk
P4657,Geluk
P4659,Geluk
P4704,Geluk
P4705,Geluk
P4706,Geluk
P4707,Geluk
P4708,Geluk
P4710,Geluk
P4713,Geluk
P4716,Geluk
P4743,Geluk
P4746,Geluk
P4760,Geluk
P4771,Geluk
P479,Geluk
P4792,Geluk
P4798,Geluk
P4801,Geluk
P4802,Geluk
P482,Geluk
P4823,Geluk
P4843,Geluk
P4886,Geluk
P491,Geluk
P4929,Geluk
P4946,Geluk
P4994,Geluk
P4CN12037,Geluk
P4CN12055,Geluk
P4CZ321153,Geluk
P4CZ333386,Geluk
P4CZ74169,Geluk
P5032,Geluk
P5068,Geluk
P5070,Geluk
P5071,Geluk
P5072,Geluk
P5073,Geluk
P5074,Geluk
P5075,Geluk
P5076,Geluk
P5077,Geluk
P5123,Geluk
P5124,Geluk
P5125,Geluk
P5143,Geluk
P5144,Geluk
P5173,Geluk
P5186,Geluk
P5187,Geluk
P5188,Geluk
P5189,Geluk
P5190,Geluk
P5194,Geluk
P5195,Geluk
P5231,Geluk
P5261,Geluk
P5331,Geluk
P5338,Geluk
P5343,Geluk
P5347,Geluk
P5349,Geluk
P5355,Geluk
P5360,Geluk
P5361,Geluk
P5362,Geluk
P5363,Geluk
P5364,Geluk
P5365,Geluk
P5367,Geluk
P5369,Geluk
P5370,Geluk
P5371,Geluk
P5372,Geluk
P5373,Geluk
P5374,Geluk
P5375,Geluk
P5376,Geluk
P5377,Geluk
P5378,Geluk
P5381,Geluk
P5382,Geluk
P5383,Geluk
P5391,Geluk
P5394,Geluk
P5395,Geluk
P5396,Geluk
P5401,Geluk
P5402,Geluk
P5403,Geluk
P5404,Geluk
P5405,Geluk
P5415,Geluk
P5416,Geluk
P5417,Geluk
P5418,Geluk
P5419,Geluk
P5420,Geluk
P5421,Geluk
P5422,Geluk
P5423,Geluk
P5456,Geluk
P5462,Geluk
P5463,Geluk
P55,Geluk
P5525,Geluk
P5528,Geluk
P5530,Geluk
P5536,Geluk
P5537,Geluk
P5538,Geluk
P5539,Geluk
P5543,Geluk
P5546,Geluk
P5549,Geluk
P5552,Geluk
P5554,Geluk
P5562,Geluk
P5563,Geluk
P5565,Geluk
P5567,Geluk
P5569,Geluk
P5570,Geluk
P5571,Geluk
P5572,Geluk
P5573,Geluk
P5574,Geluk
P5583,Geluk
P5584,Geluk
P5585,Geluk
P5588,Geluk
P5589,Geluk
P5591,Geluk
P5618,Geluk
P5619,Geluk
P5634,Geluk
P5642,Geluk
P5686,Geluk
P5687,Geluk
P5913,Geluk
P5928,Geluk
P5968,Geluk
P6070,Geluk
P6078,Geluk
P6079,Geluk
P6080,Geluk
P6109,Geluk
P6209,Geluk
P6240,Geluk
P6245,Geluk
P6246,Geluk
P6247,Geluk
P6282,Geluk
P6283,Geluk
P64,Geluk
P6454,Geluk
P6457,Geluk
P6458,Geluk
P6459,Geluk
P6460,Geluk
P6461,Geluk
P6463,Geluk
P6465,Geluk
P6466,Geluk
P6467,Geluk
P647,Geluk
P6497,Geluk
P6498,Geluk
P65,Geluk
P6506,Geluk
P6518,Geluk
P6519,Geluk
P6534,Geluk
P6538,Geluk
P6735,Geluk
P6770,Geluk
P6781,Geluk
P6782,Geluk
P6783,Geluk
P6784,Geluk
P6785,Geluk
P6786,Geluk
P6787,Geluk
P6788,Geluk
P6789,Geluk
P6790,Geluk
P6791,Geluk
P6793,Geluk
P6795,Geluk
P6796,Geluk
P6798,Geluk
P6800,Geluk
P6801,Geluk
P6802,Geluk
P6804,Geluk
P6805,Geluk
P6806,Geluk
P6807,Geluk
P6808,Geluk
P6809,Geluk
P6810,Geluk
P6811,Geluk
P6812,Geluk
P6813,Geluk
P6814,Geluk
P6815,Geluk
P6816,Geluk
P6817,Geluk
P6819,Geluk
P6824,Geluk
P6825,Geluk
P6832,Geluk
P6837,Geluk
P6843,Geluk
P6899,Geluk
P6966,Geluk
P7024,Geluk
P7043,Geluk
P7044,Geluk
P7056,Geluk
P7062,Geluk
P7063,Geluk
P7076,Geluk
P7077,Geluk
P7103,Geluk
P7107,Geluk
P7126,Geluk
P714,Geluk
P715,Geluk
P719,Geluk
P7199,Geluk
P722,Geluk
P7266,Geluk
P7267,Geluk
P7304,Geluk
P7353,Geluk
P7614,Geluk
P7651,Geluk
P7700,Geluk
P7708,Geluk
P7709,Geluk
P7713,Geluk
P80,Geluk
P8097,Geluk
P8098,Geluk
P81,Geluk
P8136,Geluk
P8254,Geluk
P8326,Geluk
P8328,Geluk
P8329,Geluk
P8330,Geluk
P84,Geluk
P8415,Geluk
P8416,Geluk
P8417,Geluk
P8484,Geluk
P8682,Geluk
P8697,Geluk
P8813,Geluk
P8817,Geluk
P8822,Geluk
P8845,Geluk
P8857,Geluk
P8864,Geluk
P8865,Geluk
P8970,Geluk
P8972,Geluk
P8973,Geluk
P8974,Geluk
P8975,Geluk
P8978,Geluk
P8980,Geluk
P8983,Geluk
P8986,Geluk
P8987,Geluk
P8988,Geluk
P8LS11999,Geluk
P8LS12017,Geluk
P8LS12022,Geluk
P8LS12023,Geluk
P8LS12036,Geluk
P8LS12054,Geluk
P8LS12055,Geluk
P8LS12056,Geluk
P8LS12059,Geluk
P8LS12067,Geluk
P8LS12073,Geluk
P8LS12074,Geluk
P8LS12075,Geluk
P8LS12078,Geluk
P8LS12079,Geluk
P8LS12080,Geluk
P8LS12082,Geluk
P8LS12084,Geluk
P8LS12085,Geluk
P8LS12086,Geluk
P8LS12087,Geluk
P8LS12088,Geluk
P8LS12089,Geluk
P8LS12090,Geluk
P8LS12091,Geluk
P8LS12092,Geluk
P8LS12094,Geluk
P8LS12095,Geluk
P8LS12097,Geluk
P8LS12098,Geluk
P8LS12099,Geluk
P8LS12100,Geluk
P8LS12102,Geluk
P8LS12104,Geluk
P8LS12105,Geluk
P8LS12106,Geluk
P8LS12107,Geluk
P8LS12108,Geluk
P8LS12110,Geluk
P8LS12111,Geluk
P8LS12112,Geluk
P8LS12113,Geluk
P8LS12114,Geluk
P8LS12115,Geluk
P8LS12116,Geluk
P8LS12117,Geluk
P8LS12118,Geluk
P8LS12119,Geluk
P8LS12120,Geluk
P8LS12121,Geluk
P8LS12122,Geluk
P8LS12123,Geluk
P8LS12124,Geluk
P8LS12125,Geluk
P8LS12126,Geluk
P8LS12127,Geluk
P8LS12128,Geluk
P8LS12129,Geluk
P8LS12130,Geluk
P8LS12131,Geluk
P8LS12132,Geluk
P8LS12133,Geluk
P8LS12134,Geluk
P8LS12135,Geluk
P8LS12136,Geluk
P8LS12137,Geluk
P8LS12138,Geluk
P8LS12139,Geluk
P8LS12140,Geluk
P8LS12141,Geluk
P8LS12142,Geluk
P8LS12144,Geluk
P8LS12145,Geluk
P8LS12146,Geluk
P8LS12147,Geluk
P8LS12148,Geluk
P8LS12149,Geluk
P8LS12150,Geluk
P8LS12151,Geluk
P8LS12152,Geluk
P8LS12153,Geluk
P8LS12154,Geluk
P8LS12155,Geluk
P8LS12156,Geluk
P8LS12157,Geluk
P8LS12158,Geluk
P8LS12159,Geluk
P8LS12160,Geluk
P8LS12161,Geluk
P8LS12162,Geluk
P8LS12163,Geluk
P8LS12164,Geluk
P8LS12165,Geluk
P8LS12166,Geluk
P8LS12167,Geluk
P8LS12168,Geluk
P8LS12169,Geluk
P8LS12170,Geluk
P8LS12171,Geluk
P8LS12172,Geluk
P8LS12173,Geluk
P8LS12174,Geluk
P8LS12175,Geluk
P8LS12199,Geluk
P8LS12200,Geluk
P8LS12207,Geluk
P8LS12208,Geluk
P8LS12211,Geluk
P8LS12218,Geluk
P8LS12224,Geluk
P8LS12228,Geluk
P8LS12229,Geluk
P8LS12230,Geluk
P8LS12233,Geluk
P8LS12237,Geluk
P8LS12258,Geluk
P8LS12267,Geluk
P8LS12268,Geluk
P8LS12271,Geluk
P8LS12275,Geluk
P8LS12276,Geluk
P8LS12277,Geluk
P8LS12288,Geluk
P8LS12294,Geluk
P8LS12296,Geluk
P8LS12297,Geluk
P8LS12300,Geluk
P8LS12301,Geluk
P8LS12330,Geluk
P8LS12331,Geluk
P8LS12332,Geluk
P8LS12333,Geluk
P8LS12334,Geluk
P8LS12335,Geluk
P8LS12336,Geluk
P8LS12337,Geluk
P8LS12338,Geluk
P8LS12339,Geluk
P8LS12340,Geluk
P8LS12341,Geluk
P8LS12342,Geluk
P8LS12343,Geluk
P8LS12344,Geluk
P8LS12345,Geluk
P8LS12346,Geluk
P8LS12347,Geluk
P8LS12348,Geluk
P8LS12349,Geluk
P8LS12350,Geluk
P8LS12351,Geluk
P8LS12352,Geluk
P8LS12353,Geluk
P8LS12354,Geluk
P8LS12355,Geluk
P8LS12356,Geluk
P8LS12357,Geluk
P8LS12358,Geluk
P8LS12359,Geluk
P8LS12360,Geluk
P8LS12361,Geluk
P8LS12362,Geluk
P8LS12363,Geluk
P8LS12364,Geluk
P8LS12365,Geluk
P8LS12366,Geluk
P8LS12367,Geluk
P8LS12368,Geluk
P8LS12369,Geluk
P8LS12370,Geluk
P8LS12371,Geluk
P8LS12372,Geluk
P8LS12373,Geluk
P8LS12374,Geluk
P8LS12375,Geluk
P8LS12423,Geluk
P8LS12427,Geluk
P8LS12431,Geluk
P8LS12432,Geluk
P8LS12437,Geluk
P8LS12438,Geluk
P8LS12439,Geluk
P8LS12690,Geluk
P8LS12691,Geluk
P8LS12692,Geluk
P8LS12693,Geluk
P8LS12698,Geluk
P8LS12701,Geluk
P8LS12702,Geluk
P8LS12703,Geluk
P8LS12704,Geluk
P8LS12771,Geluk
P8LS12772,Geluk
P8LS12834,Geluk
P8LS12835,Geluk
P8LS12836,Geluk
P8LS12837,Geluk
P8LS12838,Geluk
P8LS12839,Geluk
P8LS12840,Geluk
P8LS12841,Geluk
P8LS12842,Geluk
P8LS12843,Geluk
P8LS12844,Geluk
P8LS12845,Geluk
P8LS12846,Geluk
P8LS12847,Geluk
P8LS12848,Geluk
P8LS12849,Geluk
P8LS12850,Geluk
P8LS12851,Geluk
P8LS12852,Geluk
P8LS12853,Geluk
P8LS12854,Geluk
P8LS12855,Geluk
P8LS12856,Geluk
P8LS13013,Geluk
P8LS13014,Geluk
P8LS13015,Geluk
P8LS13017,Geluk
P8LS13068,Geluk
P8LS13082,Geluk
P8LS13128,Geluk
P8LS13149,Geluk
P8LS13151,Geluk
P8LS13152,Geluk
P8LS13190,Geluk
P8LS13192,Geluk
P8LS13200,Geluk
P8LS13206,Geluk
P8LS13296,Geluk
P8LS13297,Geluk
P8LS13298,Geluk
P8LS13299,Geluk
P8LS13300,Geluk
P8LS13301,Geluk
P8LS13303,Geluk
P8LS13304,Geluk
P8LS13305,Geluk
P8LS13306,Geluk
P8LS13309,Geluk
P8LS13310,Geluk
P8LS13311,Geluk
P8LS13313,Geluk
P8LS13315,Geluk
P8LS13317,Geluk
P8LS13318,Geluk
P8LS13319,Geluk
P8LS13320,Geluk
P8LS13321,Geluk
P8LS13324,Geluk
P8LS13325,Geluk
P8LS13327,Geluk
P8LS13328,Geluk
P8LS13329,Geluk
P8LS13330,Geluk
P8LS13331,Geluk
P8LS13332,Geluk
P8LS13333,Geluk
P8LS13335,Geluk
P8LS13336,Geluk
P8LS13337,Geluk
P8LS13338,Geluk
P8LS13339,Geluk
P8LS13340,Geluk
P8LS13341,Geluk
P8LS13342,Geluk
P8LS13344,Geluk
P8LS13345,Geluk
P8LS13346,Geluk
P8LS13352,Geluk
P8LS13364,Geluk
P8LS13365,Geluk
P8LS13367,Geluk
P8LS13368,Geluk
P8LS13369,Geluk
P8LS13379,Geluk
P8LS13380,Geluk
P8LS13381,Geluk
P8LS13382,Geluk
P8LS13383,Geluk
P8LS13384,Geluk
P8LS13389,Geluk
P8LS13390,Geluk
P8LS13391,Geluk
P8LS13392,Geluk
P8LS13394,Geluk
P8LS13395,Geluk
P8LS13397,Geluk
P8LS13398,Geluk
P8LS13405,Geluk
P8LS15283,Geluk
P8LS15284,Geluk
P8LS15285,Geluk
P8LS18214,Geluk
P8LS18239,Geluk
P8LS4257,Geluk
P8LS4258,Geluk
P8LS4259,Geluk
P8LS4260,Geluk
P8LS4261,Geluk
P8LS4262,Geluk
P8LS4263,Geluk
P8LS4319,Geluk
P8LS4320,Geluk
P8LS66465,Geluk
P8LS67514,Geluk
P8LS68259,Geluk
P8LS73751,Geluk
P8LS75173,Geluk
P8LS75187,Geluk
P8LS75336,Geluk
P8LS75373,Geluk
P8LS75379,Geluk
P8LS75383,Geluk
P8LS75405,Geluk
P8LS75418,Geluk
P8LS75434,Geluk
P8LS75435,Geluk
P8LS75520,Geluk
P8LS75767,Geluk
P8LS76393,Geluk
P8LS76437,Geluk
P8LS76446,Geluk
P8LS76469,Geluk
P9118,Geluk
P9172,Geluk
P9214,Geluk
P9218,Geluk
P9220,Geluk
P9233,Geluk
P9234,Geluk
P9236,Geluk
P9237,Geluk
P9238,Geluk
P9239,Geluk
P9240,Geluk
P9388,Geluk
P9390,Geluk
P9391,Geluk
P9392,Geluk
P9394,Geluk
P9395,Geluk
P9396,Geluk
P9397,Geluk
P9398,Geluk
P9400,Geluk
P9404,Geluk
P9405,Geluk
P9407,Geluk
P9408,Geluk
P9410,Geluk
P9412,Geluk
P9416,Geluk
P9417,Geluk
P9418,Geluk
P9419,Geluk
P9420,Geluk
P9421,Geluk
P9424,Geluk
P9426,Geluk
P9427,Geluk
P9434,Geluk
P9435,Geluk
P9437,Geluk
P9438,Geluk
P9440,Geluk
P9441,Geluk
P9544,Geluk
P9545,Geluk
P960,Geluk
P97,Geluk
P9727,Geluk
P9729,Geluk
P9730,Geluk
P9731,Geluk
P9732,Geluk
P9733,Geluk
P9734,Geluk
P9736,Geluk
P9737,Geluk
P9738,Geluk
P9739,Geluk
P9749,Geluk
P9752,Geluk
P9753,Geluk
P9754,Geluk
P9772,Geluk
P9773,Geluk
P9774,Geluk
P9776,Geluk
P9777,Geluk
P9778,Geluk
P9779,Geluk
P9871,Geluk
P9872,Geluk
P9873,Geluk
P9874,Geluk
P9879,Geluk
P9880,Geluk
P9881,Geluk
P9888,Geluk
P9889,Geluk
P9890,Geluk
P9891,Geluk
P9892,Geluk
P9893,Geluk
P9925,Geluk
P993,Geluk
P995,Geluk
P997,Geluk
P999,Geluk
P10,Geluk
P100,Geluk
P1631,Geluk
P2063,Geluk
P2596,Geluk
P27,Geluk
P289,Geluk
P2984,Geluk
P303,Geluk
P308,Geluk
P4184,Geluk
P4246,Geluk
P4559,Geluk
P477,Geluk
P6091,Geluk
P6115,Geluk
P7816,Geluk
P00KG012,Geluk
P10132,Geluk
P104,Geluk
P10671,Geluk
P1152,Geluk
P1161,Geluk
P123,Geluk
P1638,Geluk
P1647,Geluk
P193,Geluk
P1KG23834,Geluk
P1KG4206,Geluk
P1PD117981,Geluk
P200,Geluk
P2156,Geluk
P226,Geluk
P228,Geluk
P2383,Geluk
P2431,Geluk
P261,Geluk
P272,Geluk
P276,Geluk
P282,Geluk
P286,Geluk
P29,Geluk
P296,Geluk
P299,Geluk
P2DB25911,Geluk
P2PD20791,Geluk
P3117,Geluk
P320,Geluk
P345,Geluk
P348,Geluk
P349,Geluk
P3546,Geluk
P3556,Geluk
P3CN17680,Geluk
P3CN17686,Geluk
P3CN22952,Geluk
P411,Geluk
P4144,Geluk
P4145,Geluk
P4147,Geluk
P4352,Geluk
P4413,Geluk
P4552,Geluk
P4554,Geluk
P4592,Geluk
P4614,Geluk
P4694,Geluk
P4699,Geluk
P4759,Geluk
P4796,Geluk
P4797,Geluk
P4945,Geluk
P4989,Geluk
P4CN11860,Geluk
P4CZ366940,Geluk
P4CZ367196,Geluk
P4CZ57619,Geluk
P5617,Geluk
P5644,Geluk
P5778,Geluk
P5779,Geluk
P58,Geluk
P5957,Geluk
P6134,Geluk
P6280,Geluk
P6303,Geluk
P6418,Geluk
P6556,Geluk
P6557,Geluk
P6969,Geluk
P720,Geluk
P7471,Geluk
P7497,Geluk
P7770,Geluk
P7771,Geluk
P7992,Geluk
P8023,Geluk
P8092,Geluk
P8678,Geluk
P8LS12326,Geluk
P8LS17464,Geluk
P8LS36534,Geluk
P9372,Geluk
P939,Geluk
P9567,Geluk
P1015,Geluk
P10315,Geluk
P1523,Geluk
P1622,Geluk
P2CN11083,Geluk
P2DB15922,Geluk
P3627,Geluk
P4090,Geluk
P6266,Geluk
P6464,Geluk
P6496,Geluk
P6501,Geluk
P6549,Geluk
P6818,Geluk
P7106,Geluk
P7209,Geluk
P7716,Geluk
P8LS12081,Geluk
P8LS12083,Geluk
P8LS76763,Geluk
P9217,Geluk
P9231,Geluk
P9232,Geluk
P9387,Geluk
P9466,Geluk
P9645,Geluk
P9862,Geluk
P8LS12077,Geluk
P1TLMTGA000053,Geluk
P1TLMTGA000051,Geluk
P1TLMTGA000054,Geluk
P1TLMTGA000052,Geluk
P7718,Geluk
P8138,"Geluk, Bon"
P9115,"Geluk, Kadam"
P7755,"Geluk, Kadam"
P1GS107885,"Geluk, Kagyu"
P2KG209132,"Geluk, Kagyu"
P2KG209133,"Geluk, Kagyu"
P3359,"Geluk, Kagyu"
P829,"Geluk, KarmaKagyu"
P831,"Geluk, KarmaKagyu"
P7756,"Geluk, Nyingma"
P4655,"Geluk, Nyingma"
P3787,"Geluk, Sakya"
P3809,"Geluk, Sakya"
P8LS76300,"Geluk, Sakya"
P9235,"Geluk, Sakya"
P6479,Jonang
P00KG03804,Jonang
P00KG03805,Jonang
P00KG03806,Jonang
P0RK1482,Jonang
P10079,Jonang
P10MS11181,Jonang
P139,Jonang
P1428,Jonang
P150,Jonang
P1511,Jonang
P152,Jonang
P153,Jonang
P1839,Jonang
P1KG4252,Jonang
P1KG4270,Jonang
P1KG4272,Jonang
P1KG4315,Jonang
P1KG5819,Jonang
P1KG5820,Jonang
P1KG5998,Jonang
P1PD95756,Jonang
P2256,Jonang
P2387,Jonang
P2412,Jonang
P2414,Jonang
P2463,Jonang
P2466,Jonang
P2MS4764,Jonang
P3507,Jonang
P4799,Jonang
P6167,Jonang
P6483,Jonang
P6484,Jonang
P7279,Jonang
P7843,Jonang
P7858,Jonang
P858,Jonang
P8806,Jonang
P8877,Jonang
P8879,Jonang
P8898,Jonang
P8902,Jonang
P8903,Jonang
P8904,Jonang
P8905,Jonang
P8907,Jonang
P8908,Jonang
P8910,Jonang
P8911,Jonang
P8913,Jonang
P8914,Jonang
P8916,Jonang
P8917,Jonang
P8918,Jonang
P8919,Jonang
P8920,Jonang
P8921,Jonang
P8923,Jonang
P8924,Jonang
P8925,Jonang
P8926,Jonang
P8930,Jonang
P8937,Jonang
P8951,Jonang
P8952,Jonang
P8963,Jonang
P8968,Jonang
P8LS13229,Jonang
P8LS13230,Jonang
P8LS13231,Jonang
P8LS13232,Jonang
P8LS13233,Jonang
P8LS13234,Jonang
P8LS13235,Jonang
P8LS13236,Jonang
P8LS13237,Jonang
P8LS13238,Jonang
P10078,Jonang
P3893,Jonang
P3094,Jonang
P8878,Jonang
P8964,Jonang
P6481,"Jonang, Nyingma"
P6482,"Jonang, Nyingma"
P6485,"Jonang, Nyingma"
P1575,Kadam
P10246,Kadam
P10339,Kadam
P1060,Kadam
P10622,Kadam
P1217,Kadam
P1219,Kadam
P1297,Kadam
P1298,Kadam
P1301,Kadam
P1302,Kadam
P1303,Kadam
P1304,Kadam
P1305,Kadam
P1318,Kadam
P1346,Kadam
P136,Kadam
P1449,Kadam
P1500,Kadam
P1509,Kadam
P1512,Kadam
P1557,Kadam
P1558,Kadam
P1577,Kadam
P1589,Kadam
P1590,Kadam
P1723,Kadam
P178,Kadam
P1830,Kadam
P191,Kadam
P1AG46,Kadam
P1AG66,Kadam
P1PD86334,Kadam
P2096,Kadam
P212,Kadam
P2271,Kadam
P2460,Kadam
P2475,Kadam
P2513,Kadam
P2557,Kadam
P2581,Kadam
P2582,Kadam
P2604,Kadam
P2640,Kadam
P2664,Kadam
P2890,Kadam
P2915,Kadam
P2923,Kadam
P2939,Kadam
P2CZ7866,Kadam
P2DB4543,Kadam
P3022,Kadam
P3023,Kadam
P3090,Kadam
P3102,Kadam
P3111,Kadam
P3112,Kadam
P3118,Kadam
P3120,Kadam
P3186,Kadam
P3231,Kadam
P3267,Kadam
P3268,Kadam
P3272,Kadam
P3283,Kadam
P3284,Kadam
P3285,Kadam
P3303,Kadam
P3379,Kadam
P3408,Kadam
P3426,Kadam
P3428,Kadam
P3429,Kadam
P3442,Kadam
P3447,Kadam
P3449,Kadam
P3461,Kadam
P3470,Kadam
P3471,Kadam
P3472,Kadam
P3475,Kadam
P3510,Kadam
P3662,Kadam
P3719,Kadam
P3750,Kadam
P3755,Kadam
P3792,Kadam
P3793,Kadam
P3849,Kadam
P3994,Kadam
P3995,Kadam
P3998,Kadam
P3CN19418,Kadam
P3CN26976,Kadam
P3JT13453,Kadam
P3JT13458,Kadam
P4088,Kadam
P4137,Kadam
P4140,Kadam
P4161,Kadam
P4163,Kadam
P4164,Kadam
P4165,Kadam
P4167,Kadam
P4211,Kadam
P429,Kadam
P4310,Kadam
P4341,Kadam
P4396,Kadam
P4452,Kadam
P4456,Kadam
P4457,Kadam
P4458,Kadam
P4633,Kadam
P4656,Kadam
P481,Kadam
P4841,Kadam
P4858,Kadam
P4916,Kadam
P5227,Kadam
P5256,Kadam
P5282,Kadam
P5424,Kadam
P5477,Kadam
P5478,Kadam
P5495,Kadam
P5500,Kadam
P5501,Kadam
P5503,Kadam
P5533,Kadam
P5534,Kadam
P5568,Kadam
P5628,Kadam
P5662,Kadam
P5688,Kadam
P6146,Kadam
P63,Kadam
P6473,Kadam
P6776,Kadam
P7129,Kadam
P7190,Kadam
P792,Kadam
P8235,Kadam
P8407,Kadam
P856,Kadam
P8714,Kadam
P8859,Kadam
P8LS12176,Kadam
P8LS12177,Kadam
P8LS12179,Kadam
P8LS12180,Kadam
P8LS12181,Kadam
P8LS12182,Kadam
P8LS12183,Kadam
P8LS12184,Kadam
P8LS12185,Kadam
P8LS12186,Kadam
P8LS12187,Kadam
P8LS12201,Kadam
P8LS12202,Kadam
P8LS12203,Kadam
P8LS12204,Kadam
P8LS14991,Kadam
P8LS75175,Kadam
P9023,Kadam
P9072,Kadam
P9114,Kadam
P9801,Kadam
P9802,Kadam
P9803,Kadam
P9965,Kadam
P2077,Kadam
P231,Kadam
P262,Kadam
P309,Kadam
P3163,Kadam
P3389,Kadam
P3495,Kadam
P4373,Kadam
P4862,Kadam
P4892,Kadam
P75,Kadam
P0RK19,Kadam
P1641,Kadam
P1943,Kadam
P2273,Kadam
P2552,Kadam
P3465,Kadam
P3497,Kadam
P753,Kadam
P1322,Kadam
P1AG32,Kadam
P3446,Kadam
P3869,Kadam
P4006,Kadam
P502,Kadam
P56,Kadam
P6472,Kadam
P7124,Kadam
P9535,Kadam
P3599,"Kadam, Geluk"
P10317,"Kadam, Geluk"
P2CN10530,"Kadam, Geluk"
P336,"Kadam, Geluk"
P3485,"Kadam, Geluk"
P3600,"Kadam, Geluk"
P4303,"Kadam, Geluk"
P4817,"Kadam, Geluk"
P4819,"Kadam, Geluk"
P5257,"Kadam, Geluk"
P8LS12029,"Kadam, Geluk"
P8LS12205,"Kadam, Geluk"
P8LS12206,"Kadam, Geluk"
P8LS12210,"Kadam, Geluk"
P8LS12212,"Kadam, Geluk"
P8LS12213,"Kadam, Geluk"
P8LS12214,"Kadam, Geluk"
P8LS12215,"Kadam, Geluk"
P8LS12216,"Kadam, Geluk"
P8LS12217,"Kadam, Geluk"
P8LS12220,"Kadam, Geluk"
P8LS12221,"Kadam, Geluk"
P8LS12222,"Kadam, Geluk"
P8LS12223,"Kadam, Geluk"
P8LS12225,"Kadam, Geluk"
P8LS12226,"Kadam, Geluk"
P8LS12227,"Kadam, Geluk"
P8LS12231,"Kadam, Geluk"
P8LS12232,"Kadam, Geluk"
P8LS12234,"Kadam, Geluk"
P8LS12235,"Kadam, Geluk"
P8LS12236,"Kadam, Geluk"
P8LS12238,"Kadam, Geluk"
P8LS12240,"Kadam, Geluk"
P8LS12241,"Kadam, Geluk"
P8LS12242,"Kadam, Geluk"
P8LS12243,"Kadam, Geluk"
P8LS12244,"Kadam, Geluk"
P8LS12245,"Kadam, Geluk"
P8LS12246,"Kadam, Geluk"
P8LS12247,"Kadam, Geluk"
P8LS12248,"Kadam, Geluk"
P8LS12249,"Kadam, Geluk"
P8LS12250,"Kadam, Geluk"
P8LS12251,"Kadam, Geluk"
P8LS12252,"Kadam, Geluk"
P8LS12253,"Kadam, Geluk"
P8LS12254,"Kadam, Geluk"
P8LS12255,"Kadam, Geluk"
P8LS12256,"Kadam, Geluk"
P8LS12257,"Kadam, Geluk"
P8LS12259,"Kadam, Geluk"
P8LS12260,"Kadam, Geluk"
P8LS12261,"Kadam, Geluk"
P8LS12262,"Kadam, Geluk"
P8LS12263,"Kadam, Geluk"
P8LS12264,"Kadam, Geluk"
P8LS12265,"Kadam, Geluk"
P8LS12266,"Kadam, Geluk"
P8LS12269,"Kadam, Geluk"
P8LS12270,"Kadam, Geluk"
P8LS12272,"Kadam, Geluk"
P8LS12273,"Kadam, Geluk"
P8LS12274,"Kadam, Geluk"
P404,"Kadam, Geluk"
P1317,"Kadam, Geluk"
P10140,"Kadam, Rime, Geluk"
P8LS12209,"Kadam, Rime, Geluk"
P1KG22260,"Kadam, Sakya, Geluk"
P52,"Kadam, ShangpaKagyu"
P0RK1289,Kagyu
P0RK1295,Kagyu
P0RK1366,Kagyu
P10147,Kagyu
P10243,Kagyu
P10275,Kagyu
P10416,Kagyu
P11MS253,Kagyu
P11MS254,Kagyu
P1223,Kagyu
P1385,Kagyu
P1487,Kagyu
P1506,Kagyu
P1507,Kagyu
P1508,Kagyu
P183,Kagyu
P1841,Kagyu
P1850,Kagyu
P1856,Kagyu
P1861,Kagyu
P1911,Kagyu
P1AG48,Kagyu
P1AG49,Kagyu
P1AG50,Kagyu
P1AG52,Kagyu
P1AG53,Kagyu
P1KG12590,Kagyu
P1PD76589,Kagyu
P2CN11073,Kagyu
P2CZ5982,Kagyu
P2CZ6619,Kagyu
P3099,Kagyu
P3581,Kagyu
P3772,Kagyu
P3860,Kagyu
P3871,Kagyu
P3AG47,Kagyu
P3AG48,Kagyu
P3AG49,Kagyu
P3CN2483,Kagyu
P3CN26650,Kagyu
P4007,Kagyu
P4010,Kagyu
P4011,Kagyu
P4139,Kagyu
P4166,Kagyu
P4169,Kagyu
P4173,Kagyu
P4201,Kagyu
P4244,Kagyu
P4271,Kagyu
P4353,Kagyu
P4525,Kagyu
P4570,Kagyu
P5025,Kagyu
P5335,Kagyu
P5514,Kagyu
P5547,Kagyu
P5551,Kagyu
P5553,Kagyu
P5575,Kagyu
P6684,Kagyu
P6858,Kagyu
P6859,Kagyu
P6860,Kagyu
P6884,Kagyu
P6885,Kagyu
P7022,Kagyu
P7120,Kagyu
P7601,Kagyu
P817,Kagyu
P818,Kagyu
P824,Kagyu
P830,Kagyu
P834,Kagyu
P8383,Kagyu
P839,Kagyu
P8399,Kagyu
P8711,Kagyu
P8718,Kagyu
P8719,Kagyu
P8723,Kagyu
P8733,Kagyu
P8784,Kagyu
P8824,Kagyu
P8827,Kagyu
P8851,Kagyu
P898,Kagyu
P8LS16208,Kagyu
P958,Kagyu
P1853,Kagyu
P1413,Kagyu
P1CZ1005,Kagyu
P1PD94977,Kagyu
P2PD19768,Kagyu
P4CZ355839,Kagyu
P5091,Kagyu
P7589,Kagyu
P8765,Kagyu
P884,Kagyu
P00AG02484,Kagyu
P1855,Kagyu
P1AG39,Kagyu
P1AG40,Kagyu
P1AG41,Kagyu
P1AG51,Kagyu
P1AG9,Kagyu
P1KG9845,Kagyu
P227,Kagyu
P8712,Kagyu
P8729,Kagyu
P1146,"Kagyu, Geluk"
P1274,"Kagyu, Geluk"
P1286,"Kagyu, Geluk"
P1288,"Kagyu, Geluk"
P1757,"Kagyu, Geluk"
P390,"Kagyu, Geluk"
P8796,"Kagyu, Geluk"
P8LS13223,"Kagyu, Geluk"
P8LS13224,"Kagyu, Geluk"
P559,KarmaKagyu
P66,KarmaKagyu
P956,KarmaKagyu
P0RK1312,KarmaKagyu
P1006,KarmaKagyu
P10237,KarmaKagyu
P10238,KarmaKagyu
P10239,KarmaKagyu
P10571,KarmaKagyu
P10575,KarmaKagyu
P10576,KarmaKagyu
P10577,KarmaKagyu
P10578,KarmaKagyu
P10579,KarmaKagyu
P10580,KarmaKagyu
P10582,KarmaKagyu
P10583,KarmaKagyu
P10584,KarmaKagyu
P10585,KarmaKagyu
P1361,KarmaKagyu
P1373,KarmaKagyu
P1376,KarmaKagyu
P1380,KarmaKagyu
P1382,KarmaKagyu
P1386,KarmaKagyu
P1391,KarmaKagyu
P1400,KarmaKagyu
P1410,KarmaKagyu
P1420,KarmaKagyu
P1422,KarmaKagyu
P1426,KarmaKagyu
P1441,KarmaKagyu
P1445,KarmaKagyu
P1456,KarmaKagyu
P1824,KarmaKagyu
P1CZ2409,KarmaKagyu
P1PD82429,KarmaKagyu
P1PD82464,KarmaKagyu
P2032,KarmaKagyu
P2GS231,KarmaKagyu
P2GS987,KarmaKagyu
P2KG229588,KarmaKagyu
P317,KarmaKagyu
P319,KarmaKagyu
P3572,KarmaKagyu
P3573,KarmaKagyu
P3574,KarmaKagyu
P3575,KarmaKagyu
P3576,KarmaKagyu
P3694,KarmaKagyu
P3697,KarmaKagyu
P3698,KarmaKagyu
P3699,KarmaKagyu
P3700,KarmaKagyu
P3701,KarmaKagyu
P3702,KarmaKagyu
P3703,KarmaKagyu
P385,KarmaKagyu
P3CN26203,KarmaKagyu
P3CN26204,KarmaKagyu
P3CN26701,KarmaKagyu
P3CN2673,KarmaKagyu
P3CN26824,KarmaKagyu
P3CN713,KarmaKagyu
P3CN8471,KarmaKagyu
P3CN8648,KarmaKagyu
P4112,KarmaKagyu
P4189,KarmaKagyu
P4CN11322,KarmaKagyu
P5085,KarmaKagyu
P5152,KarmaKagyu
P5611,KarmaKagyu
P562,KarmaKagyu
P563,KarmaKagyu
P5684,KarmaKagyu
P6141,KarmaKagyu
P658,KarmaKagyu
P6602,KarmaKagyu
P6690,KarmaKagyu
P7658,KarmaKagyu
P7798,KarmaKagyu
P820,KarmaKagyu
P821,KarmaKagyu
P823,KarmaKagyu
P828,KarmaKagyu
P838,KarmaKagyu
P841,KarmaKagyu
P847,KarmaKagyu
P855,KarmaKagyu
P865,KarmaKagyu
P868,KarmaKagyu
P889,KarmaKagyu
P8LS12489,KarmaKagyu
P8LS66406,KarmaKagyu
P8LS75363,KarmaKagyu
P8LS75785,KarmaKagyu
P8LS76436,KarmaKagyu
P925,KarmaKagyu
P926,KarmaKagyu
P928,KarmaKagyu
P930,KarmaKagyu
P931,KarmaKagyu
P934,KarmaKagyu
P937,KarmaKagyu
P942,KarmaKagyu
P943,KarmaKagyu
P946,KarmaKagyu
P948,KarmaKagyu
P9525,KarmaKagyu
P953,KarmaKagyu
P957,KarmaKagyu
P9744,KarmaKagyu
P9859,KarmaKagyu
P9932,KarmaKagyu
P7421,KarmaKagyu
P1397,KarmaKagyu
P1417,KarmaKagyu
P1481,KarmaKagyu
P861,KarmaKagyu
P6265,KarmaKagyu
P6603,KarmaKagyu
P815,KarmaKagyu
P1010,"KarmaKagyu, Geluk"
P10620,"KarmaKagyu, Geluk"
P2362,"KarmaKagyu, Rime, Sakya"
P8LS75171,"KarmaKagyu, Sakya, Geluk"
P1KG4203,"MartsangKagyu, KarmaKagyu"
P10MS19659,Nyingma
P2943,Nyingma
P003JR4640,Nyingma
P00JR2405,Nyingma
P00KG03602,Nyingma
P00KG07867,Nyingma
P00KG07868,Nyingma
P00KG07869,Nyingma
P00KG07870,Nyingma
P00KG07871,Nyingma
P00KG09971,Nyingma
P1017,Nyingma
P10241,Nyingma
P10276,Nyingma
P10500,Nyingma
P10542,Nyingma
P10631,Nyingma
P10639,Nyingma
P11MS238,Nyingma
P11MS244,Nyingma
P11MS245,Nyingma
P11MS246,Nyingma
P1314,Nyingma
P1490,Nyingma
P1492,Nyingma
P1583,Nyingma
P1686,Nyingma
P1690,Nyingma
P1695,Nyingma
P17,Nyingma
P1705,Nyingma
P1709,Nyingma
P1710,Nyingma
P18,Nyingma
P1815,Nyingma
P1AG28,Nyingma
P1GS105233,Nyingma
P1GS135529,Nyingma
P1GS60402,Nyingma
P1KG10329,Nyingma
P1KG3932,Nyingma
P1KG517,Nyingma
P1KG5755,Nyingma
P1KG8286,Nyingma
P1KG9679,Nyingma
P1KG9680,Nyingma
P1PD108381,Nyingma
P1PD108571,Nyingma
P1PD127770,Nyingma
P1PD181201,Nyingma
P1PD181204,Nyingma
P1PD76233,Nyingma
P1PD76611,Nyingma
P1PD97497,Nyingma
P2002,Nyingma
P2335,Nyingma
P2339,Nyingma
P235,Nyingma
P2351,Nyingma
P2358,Nyingma
P2359,Nyingma
P2360,Nyingma
P2370,Nyingma
P2382,Nyingma
P2424,Nyingma
P252,Nyingma
P2541,Nyingma
P2542,Nyingma
P2562,Nyingma
P2563,Nyingma
P2564,Nyingma
P2665,Nyingma
P2684,Nyingma
P2696,Nyingma
P2698,Nyingma
P2699,Nyingma
P270,Nyingma
P2700,Nyingma
P2701,Nyingma
P2704,Nyingma
P2705,Nyingma
P2706,Nyingma
P2709,Nyingma
P2712,Nyingma
P2752,Nyingma
P2753,Nyingma
P2878,Nyingma
P2889,Nyingma
P2907,Nyingma
P2914,Nyingma
P2942,Nyingma
P2CN11089,Nyingma
P2CN11090,Nyingma
P2CN11099,Nyingma
P2CZ10190,Nyingma
P2DB5979,Nyingma
P2JM164,Nyingma
P2JM284,Nyingma
P2JM3,Nyingma
P2JM325,Nyingma
P2JM359,Nyingma
P2JM378,Nyingma
P2JM392,Nyingma
P2JM394,Nyingma
P2JM397,Nyingma
P2JM398,Nyingma
P2JM399,Nyingma
P2JM436,Nyingma
P2JM438,Nyingma
P2JM449,Nyingma
P2KG207265,Nyingma
P2KG228513,Nyingma
P2PD14811,Nyingma
P2PD17380,Nyingma
P2PD17381,Nyingma
P314,Nyingma
P326,Nyingma
P359,Nyingma
P361,Nyingma
P364,Nyingma
P365,Nyingma
P366,Nyingma
P3724,Nyingma
P3728,Nyingma
P3729,Nyingma
P3759,Nyingma
P3762,Nyingma
P3766,Nyingma
P3775,Nyingma
P386,Nyingma
P3AG39,Nyingma
P3AG40,Nyingma
P3AG41,Nyingma
P3AG42,Nyingma
P3AG53,Nyingma
P3AG60,Nyingma
P3AG61,Nyingma
P3CN1581,Nyingma
P3CN21361,Nyingma
P3CN26552,Nyingma
P3CN26627,Nyingma
P3CN26852,Nyingma
P3CN362,Nyingma
P3CN8602,Nyingma
P3JM110,Nyingma
P3JM133,Nyingma
P3JM153,Nyingma
P425,Nyingma
P4536,Nyingma
P4782,Nyingma
P4783,Nyingma
P4789,Nyingma
P4835,Nyingma
P4956,Nyingma
P4CN12033,Nyingma
P4CN12035,Nyingma
P4CZ75590,Nyingma
P5054,Nyingma
P5083,Nyingma
P5174,Nyingma
P5197,Nyingma
P5200,Nyingma
P5225,Nyingma
P5229,Nyingma
P5236,Nyingma
P5253,Nyingma
P5356,Nyingma
P5425,Nyingma
P5484,Nyingma
P5512,Nyingma
P558,Nyingma
P5630,Nyingma
P5772,Nyingma
P5969,Nyingma
P5971,Nyingma
P5972,Nyingma
P5973,Nyingma
P5974,Nyingma
P5975,Nyingma
P5977,Nyingma
P5978,Nyingma
P5980,Nyingma
P5981,Nyingma
P5984,Nyingma
P5987,Nyingma
P5988,Nyingma
P5989,Nyingma
P5990,Nyingma
P5991,Nyingma
P5992,Nyingma
P5993,Nyingma
P5994,Nyingma
P5995,Nyingma
P5996,Nyingma
P5999,Nyingma
P6,Nyingma
P6002,Nyingma
P6003,Nyingma
P6005,Nyingma
P6006,Nyingma
P6008,Nyingma
P6009,Nyingma
P6010,Nyingma
P6011,Nyingma
P6012,Nyingma
P6019,Nyingma
P6020,Nyingma
P6021,Nyingma
P6022,Nyingma
P6025,Nyingma
P6029,Nyingma
P6034,Nyingma
P6035,Nyingma
P6039,Nyingma
P6040,Nyingma
P6041,Nyingma
P6042,Nyingma
P6046,Nyingma
P6055,Nyingma
P6057,Nyingma
P6073,Nyingma
P6075,Nyingma
P6076,Nyingma
P6090,Nyingma
P6095,Nyingma
P6101,Nyingma
P6112,Nyingma
P6143,Nyingma
P6163,Nyingma
P6168,Nyingma
P6169,Nyingma
P6171,Nyingma
P6172,Nyingma
P6173,Nyingma
P6175,Nyingma
P6178,Nyingma
P624,Nyingma
P625,Nyingma
P626,Nyingma
P6299,Nyingma
P6300,Nyingma
P6310,Nyingma
P6313,Nyingma
P6314,Nyingma
P6316,Nyingma
P6332,Nyingma
P6333,Nyingma
P6334,Nyingma
P6335,Nyingma
P6336,Nyingma
P6337,Nyingma
P6338,Nyingma
P6339,Nyingma
P6340,Nyingma
P6341,Nyingma
P6342,Nyingma
P6343,Nyingma
P6344,Nyingma
P6345,Nyingma
P6346,Nyingma
P6347,Nyingma
P6349,Nyingma
P6350,Nyingma
P6351,Nyingma
P6352,Nyingma
P6353,Nyingma
P6355,Nyingma
P6357,Nyingma
P6358,Nyingma
P6359,Nyingma
P6360,Nyingma
P6361,Nyingma
P6362,Nyingma
P6363,Nyingma
P6364,Nyingma
P6365,Nyingma
P6366,Nyingma
P6367,Nyingma
P6368,Nyingma
P6369,Nyingma
P6370,Nyingma
P6371,Nyingma
P6372,Nyingma
P6373,Nyingma
P6374,Nyingma
P6376,Nyingma
P6377,Nyingma
P6378,Nyingma
P638,Nyingma
P6380,Nyingma
P6381,Nyingma
P6382,Nyingma
P6383,Nyingma
P6384,Nyingma
P6385,Nyingma
P6386,Nyingma
P6387,Nyingma
P6388,Nyingma
P639,Nyingma
P6390,Nyingma
P6391,Nyingma
P6392,Nyingma
P6393,Nyingma
P6394,Nyingma
P645,Nyingma
P646,Nyingma
P6478,Nyingma
P648,Nyingma
P6488,Nyingma
P651,Nyingma
P653,Nyingma
P655,Nyingma
P657,Nyingma
P659,Nyingma
P6599,Nyingma
P6600,Nyingma
P661,Nyingma
P663,Nyingma
P664,Nyingma
P667,Nyingma
P668,Nyingma
P671,Nyingma
P674,Nyingma
P6744,Nyingma
P676,Nyingma
P677,Nyingma
P678,Nyingma
P683,Nyingma
P6833,Nyingma
P6834,Nyingma
P6848,Nyingma
P6867,Nyingma
P6868,Nyingma
P6869,Nyingma
P689,Nyingma
P690,Nyingma
P6909,Nyingma
P6910,Nyingma
P6911,Nyingma
P6915,Nyingma
P6916,Nyingma
P692,Nyingma
P6928,Nyingma
P695,Nyingma
P6955,Nyingma
P6958,Nyingma
P697,Nyingma
P698,Nyingma
P6988,Nyingma
P6989,Nyingma
P7,Nyingma
P701,Nyingma
P706,Nyingma
P708,Nyingma
P7203,Nyingma
P723,Nyingma
P724,Nyingma
P7274,Nyingma
P728,Nyingma
P730,Nyingma
P732,Nyingma
P7359,Nyingma
P741,Nyingma
P744,Nyingma
P745,Nyingma
P748,Nyingma
P749,Nyingma
P750,Nyingma
P751,Nyingma
P752,Nyingma
P7552,Nyingma
P7559,Nyingma
P7585,Nyingma
P7637,Nyingma
P7695,Nyingma
P7698,Nyingma
P7732,Nyingma
P7733,Nyingma
P7734,Nyingma
P7746,Nyingma
P7774,Nyingma
P7892,Nyingma
P7894,Nyingma
P7911,Nyingma
P7940,Nyingma
P7941,Nyingma
P7942,Nyingma
P7944,Nyingma
P7945,Nyingma
P7950,Nyingma
P7951,Nyingma
P7962,Nyingma
P7963,Nyingma
P7964,Nyingma
P7965,Nyingma
P7966,Nyingma
P7968,Nyingma
P7969,Nyingma
P7972,Nyingma
P7973,Nyingma
P7986,Nyingma
P7988,Nyingma
P7989,Nyingma
P7990,Nyingma
P8002,Nyingma
P8067,Nyingma
P8099,Nyingma
P8132,Nyingma
P8133,Nyingma
P8137,Nyingma
P8297,Nyingma
P8345,Nyingma
P8521,Nyingma
P8522,Nyingma
P8523,Nyingma
P8533,Nyingma
P8534,Nyingma
P8535,Nyingma
P8536,Nyingma
P8537,Nyingma
P8538,Nyingma
P8539,Nyingma
P8540,Nyingma
P8541,Nyingma
P8542,Nyingma
P8543,Nyingma
P8544,Nyingma
P8545,Nyingma
P8546,Nyingma
P8547,Nyingma
P8548,Nyingma
P8549,Nyingma
P8550,Nyingma
P8551,Nyingma
P8552,Nyingma
P8553,Nyingma
P8554,Nyingma
P8555,Nyingma
P8556,Nyingma
P8557,Nyingma
P8558,Nyingma
P8559,Nyingma
P8560,Nyingma
P8561,Nyingma
P8562,Nyingma
P8563,Nyingma
P8686,Nyingma
P8687,Nyingma
P8692,Nyingma
P8695,Nyingma
P8701,Nyingma
P8702,Nyingma
P8742,Nyingma
P8743,Nyingma
P8744,Nyingma
P8745,Nyingma
P8746,Nyingma
P8747,Nyingma
P8772,Nyingma
P8794,Nyingma
P8850,Nyingma
P8LS12013,Nyingma
P8LS12191,Nyingma
P8LS12192,Nyingma
P8LS12193,Nyingma
P8LS12194,Nyingma
P8LS12195,Nyingma
P8LS12196,Nyingma
P8LS12197,Nyingma
P8LS12327,Nyingma
P8LS12328,Nyingma
P8LS12329,Nyingma
P8LS12401,Nyingma
P8LS12549,Nyingma
P8LS12550,Nyingma
P8LS12551,Nyingma
P8LS12552,Nyingma
P8LS12553,Nyingma
P8LS12554,Nyingma
P8LS12555,Nyingma
P8LS12556,Nyingma
P8LS12557,Nyingma
P8LS12705,Nyingma
P8LS12706,Nyingma
P8LS12707,Nyingma
P8LS13181,Nyingma
P8LS13182,Nyingma
P8LS13183,Nyingma
P8LS13213,Nyingma
P8LS13216,Nyingma
P8LS13220,Nyingma
P8LS13226,Nyingma
P8LS13239,Nyingma
P8LS13240,Nyingma
P8LS13242,Nyingma
P8LS13243,Nyingma
P8LS13244,Nyingma
P8LS13246,Nyingma
P8LS13247,Nyingma
P8LS13251,Nyingma
P8LS13253,Nyingma
P8LS13258,Nyingma
P8LS13376,Nyingma
P8LS13377,Nyingma
P8LS13420,Nyingma
P8LS13429,Nyingma
P8LS13897,Nyingma
P8LS16637,Nyingma
P8LS75263,Nyingma
P8LS75313,Nyingma
P8LS75394,Nyingma
P8LS75574,Nyingma
P8LS76438,Nyingma
P8LS76447,Nyingma
P9103,Nyingma
P9160,Nyingma
P9243,Nyingma
P9244,Nyingma
P9245,Nyingma
P9246,Nyingma
P9247,Nyingma
P9248,Nyingma
P9252,Nyingma
P9371,Nyingma
P9443,Nyingma
P9514,Nyingma
P9822,Nyingma
P9827,Nyingma
P9834,Nyingma
P0RK237,Nyingma
P1014,Nyingma
P10718,Nyingma
P1687,Nyingma
P1691,Nyingma
P1693,Nyingma
P1697,Nyingma
P1699,Nyingma
P1701,Nyingma
P1702,Nyingma
P1711,Nyingma
P1712,Nyingma
P1914,Nyingma
P2354,Nyingma
P248,Nyingma
P2693,Nyingma
P287,Nyingma
P2885,Nyingma
P293,Nyingma
P369,Nyingma
P3816,Nyingma
P3CN701,Nyingma
P4680,Nyingma
P470,Nyingma
P4943,Nyingma
P5011,Nyingma
P5058,Nyingma
P5114,Nyingma
P5232,Nyingma
P5245,Nyingma
P5254,Nyingma
P5340,Nyingma
P5447,Nyingma
P5626,Nyingma
P5631,Nyingma
P5636,Nyingma
P564,Nyingma
P5811,Nyingma
P5909,Nyingma
P5911,Nyingma
P5955,Nyingma
P5970,Nyingma
P6102,Nyingma
P6162,Nyingma
P640,Nyingma
P654,Nyingma
P656,Nyingma
P660,Nyingma
P669,Nyingma
P680,Nyingma
P684,Nyingma
P685,Nyingma
P686,Nyingma
P688,Nyingma
P6943,Nyingma
P6962,Nyingma
P6996,Nyingma
P704,Nyingma
P705,Nyingma
P734,Nyingma
P736,Nyingma
P7418,Nyingma
P7419,Nyingma
P742,Nyingma
P743,Nyingma
P7495,Nyingma
P7551,Nyingma
P7610,Nyingma
P7628,Nyingma
P7681,Nyingma
P7863,Nyingma
P7868,Nyingma
P8005,Nyingma
P882,Nyingma
P00JR689,Nyingma
P00KG04017,Nyingma
P00KG07607,Nyingma
P10716,Nyingma
P1GS66366,Nyingma
P1KG10581,Nyingma
P1KG109146,Nyingma
P1PD108570,Nyingma
P2JM443,Nyingma
P2KG209274,Nyingma
P2KG230238,Nyingma
P2PD17097,Nyingma
P2PD17473,Nyingma
P2PD20166,Nyingma
P2PD20175,Nyingma
P2PD20717,Nyingma
P3CN8604,Nyingma
P3JM136,Nyingma
P3PD992,Nyingma
P4779,Nyingma
P5234,Nyingma
P5640,Nyingma
P5998,Nyingma
P6036,Nyingma
P6049,Nyingma
P6066,Nyingma
P621,Nyingma
P6239,Nyingma
P6243,Nyingma
P628,Nyingma
P6455,Nyingma
P6489,Nyingma
P6610,Nyingma
P6672,Nyingma
P672,Nyingma
P679,Nyingma
P691,Nyingma
P6956,Nyingma
P702,Nyingma
P7134,Nyingma
P731,Nyingma
P737,Nyingma
P7422,Nyingma
P7646,Nyingma
P7650,Nyingma
P7804,Nyingma
P7914,Nyingma
P7991,Nyingma
P8304,Nyingma
P8381,Nyingma
P8382,Nyingma
P8779,Nyingma
P927,Nyingma
P9559,Nyingma
P9569,Nyingma
P9721,Nyingma
P9851,Nyingma
P10MS14637,Nyingma
P2624,Nyingma
P2CN11091,Nyingma
P2CN11092,Nyingma
P2KG234623,Nyingma
P2MS13215,Nyingma
P3AG17,Nyingma
P3CN1582,Nyingma
P469,Nyingma
P4911,Nyingma
P5115,Nyingma
P6389,Nyingma
P6486,Nyingma
P6847,Nyingma
P7404,Nyingma
P7893,Nyingma
P7970,Nyingma
P8028,Nyingma
P8LS13667,Nyingma
P9362,Nyingma
P6492,Nyingma
P8753,"Nyingma, DakpoKagyu"
P8754,"Nyingma, DakpoKagyu"
P8760,"Nyingma, DakpoKagyu"
P4925,"Nyingma, Geluk"
P6449,"Nyingma, Geluk"
P37,"Nyingma, Geluk"
P675,"Nyingma, Geluk"
P1281,"Nyingma, Geluk"
P5930,"Nyingma, Geluk"
P2450,"Nyingma, Jonang"
P7753,"Nyingma, Kadam"
P1KG3933,"Nyingma, Kagyu"
P7023,"Nyingma, Kagyu"
P8LS76439,"Nyingma, Kagyu"
P6897,"Nyingma, Kagyu"
P6044,"Nyingma, KarmaKagyu"
P8803,"Nyingma, KarmaKagyu"
P2710,"Nyingma, KarmaKagyu"
P649,"Nyingma, KarmaKagyu"
P9526,"Nyingma, KarmaKagyu"
P833,"Nyingma, MadunKagyu"
P699,"Nyingma, Rime"
P9570,"Nyingma, Sakya"
P3458,"Nyingma, Sakya"
P10182,"Nyingma, ShangpaKagyu"
P7640,"Nyingma, TaklungKagyu"
P10483,Rime
P1586,Rime
P1692,Rime
P1AG116,Rime
P1CZ2263,Rime
P216,Rime
P2181,Rime
P2305,Rime
P264,Rime
P2654,Rime
P2676,Rime
P2687,Rime
P2694,Rime
P2697,Rime
P2707,Rime
P2708,Rime
P2749,Rime
P2755,Rime
P343,Rime
P3CN26639,Rime
P3CN2946,Rime
P4CZ1548,Rime
P5334,Rime
P5659,Rime
P6407,Rime
P662,Rime
P739,Rime
P7787,Rime
P7823,Rime
P8789,Rime
P8LS76442,Rime
P219,Rime
P4069,Rime
P2KG230063,Rime
P5110,Rime
P8116,Rime
P8313,Rime
P3JT12485,Rime
P7100,"Rime, Geluk"
P1649,"Rime, Geluk"
P6453,"Rime, Kadam"
P489,"Rime, Sakya"
P258,"Rime, Sakya"
P733,"Rime, Sakya"
P00KG07596,Sakya
P00KG08369,Sakya
P10091,Sakya
P1027,Sakya
P1028,Sakya
P10329,Sakya
P1034,Sakya
P1037,Sakya
P1038,Sakya
P1039,Sakya
P1040,Sakya
P1042,Sakya
P10473,Sakya
P10484,Sakya
P1056,Sakya
P1124,Sakya
P1127,Sakya
P1132,Sakya
P1134,Sakya
P1215,Sakya
P1435,Sakya
P151,Sakya
P1569,Sakya
P1617,Sakya
P1862,Sakya
P1868,Sakya
P1873,Sakya
P1883,Sakya
P1AG54,Sakya
P1AG72,Sakya
P1AG73,Sakya
P1AG75,Sakya
P1AG76,Sakya
P1AG77,Sakya
P1AG78,Sakya
P1AG79,Sakya
P1AG85,Sakya
P1AG87,Sakya
P1KG1593,Sakya
P1KG4172,Sakya
P1KG4173,Sakya
P1KG4174,Sakya
P1KG4175,Sakya
P1KG4176,Sakya
P1KG4177,Sakya
P1KG4178,Sakya
P1KG4179,Sakya
P1KG4180,Sakya
P1KG4182,Sakya
P1KG4183,Sakya
P1KG4184,Sakya
P1KG6010,Sakya
P1PD108088,Sakya
P1PD108569,Sakya
P1PD110760,Sakya
P1PD76762,Sakya
P1PD90378,Sakya
P1PD90411,Sakya
P2010,Sakya
P2373,Sakya
P2418,Sakya
P2509,Sakya
P2510,Sakya
P2511,Sakya
P2514,Sakya
P2515,Sakya
P2516,Sakya
P2517,Sakya
P2518,Sakya
P2519,Sakya
P2521,Sakya
P2522,Sakya
P2524,Sakya
P2525,Sakya
P2526,Sakya
P2527,Sakya
P2528,Sakya
P2529,Sakya
P2530,Sakya
P2531,Sakya
P2532,Sakya
P2533,Sakya
P2534,Sakya
P2535,Sakya
P2536,Sakya
P2597,Sakya
P2610,Sakya
P2626,Sakya
P2660,Sakya
P2811,Sakya
P2930,Sakya
P2957,Sakya
P2DB5980,Sakya
P2DB5981,Sakya
P2KG230202,Sakya
P2MS14707,Sakya
P2MS14708,Sakya
P2MS14709,Sakya
P2MS14710,Sakya
P3035,Sakya
P3131,Sakya
P3132,Sakya
P3183,Sakya
P3256,Sakya
P3511,Sakya
P3513,Sakya
P3566,Sakya
P3874,Sakya
P3896,Sakya
P3945,Sakya
P396,Sakya
P3CN19592,Sakya
P3CN19673,Sakya
P3CN26350,Sakya
P3CN26435,Sakya
P3CN26696,Sakya
P3CN26698,Sakya
P4037,Sakya
P4038,Sakya
P4039,Sakya
P4040,Sakya
P4041,Sakya
P4095,Sakya
P431,Sakya
P4461,Sakya
P484,Sakya
P4840,Sakya
P4CN11320,Sakya
P4CN12038,Sakya
P4CN12040,Sakya
P4PD2808,Sakya
P505,Sakya
P5064,Sakya
P5065,Sakya
P5082,Sakya
P5129,Sakya
P5202,Sakya
P5206,Sakya
P5209,Sakya
P5210,Sakya
P5214,Sakya
P5215,Sakya
P560,Sakya
P5647,Sakya
P5718,Sakya
P5742,Sakya
P5754,Sakya
P5785,Sakya
P5860,Sakya
P5927,Sakya
P5934,Sakya
P5935,Sakya
P5938,Sakya
P5939,Sakya
P5941,Sakya
P5942,Sakya
P5945,Sakya
P5946,Sakya
P5947,Sakya
P5951,Sakya
P6087,Sakya
P6131,Sakya
P6274,Sakya
P6677,Sakya
P6769,Sakya
P6851,Sakya
P6852,Sakya
P7030,Sakya
P7031,Sakya
P7036,Sakya
P7047,Sakya
P7079,Sakya
P7147,Sakya
P7532,Sakya
P7533,Sakya
P7534,Sakya
P7535,Sakya
P7666,Sakya
P7668,Sakya
P7679,Sakya
P7765,Sakya
P7766,Sakya
P7768,Sakya
P777,Sakya
P778,Sakya
P779,Sakya
P782,Sakya
P783,Sakya
P7834,Sakya
P784,Sakya
P785,Sakya
P786,Sakya
P79,Sakya
P7910,Sakya
P794,Sakya
P796,Sakya
P798,Sakya
P799,Sakya
P800,Sakya
P801,Sakya
P802,Sakya
P805,Sakya
P806,Sakya
P808,Sakya
P810,Sakya
P811,Sakya
P812,Sakya
P8163,Sakya
P8331,Sakya
P8442,Sakya
P8443,Sakya
P8444,Sakya
P8445,Sakya
P8446,Sakya
P8447,Sakya
P8448,Sakya
P8449,Sakya
P8450,Sakya
P8451,Sakya
P8452,Sakya
P8453,Sakya
P8456,Sakya
P8564,Sakya
P8684,Sakya
P8685,Sakya
P8737,Sakya
P8805,Sakya
P8LS12010,Sakya
P8LS13084,Sakya
P8LS13097,Sakya
P8LS13098,Sakya
P8LS13099,Sakya
P8LS13100,Sakya
P8LS13101,Sakya
P8LS13102,Sakya
P8LS13103,Sakya
P8LS13104,Sakya
P8LS13105,Sakya
P8LS13142,Sakya
P8LS75404,Sakya
P8LS75518,Sakya
P8LS76435,Sakya
P8LS76440,Sakya
P8LS76443,Sakya
P8LS76457,Sakya
P9074,Sakya
P9075,Sakya
P9076,Sakya
P9077,Sakya
P9078,Sakya
P9079,Sakya
P9085,Sakya
P9088,Sakya
P9100,Sakya
P9102,Sakya
P9104,Sakya
P9106,Sakya
P9150,Sakya
P9151,Sakya
P9152,Sakya
P9158,Sakya
P9159,Sakya
P9164,Sakya
P9210,Sakya
P9211,Sakya
P9549,Sakya
P962,Sakya
P963,Sakya
P966,Sakya
P967,Sakya
P970,Sakya
P971,Sakya
P973,Sakya
P974,Sakya
P975,Sakya
P976,Sakya
P977,Sakya
P9786,Sakya
P987,Sakya
P9909,Sakya
P10203,Sakya
P1048,Sakya
P1226,Sakya
P1614,Sakya
P1615,Sakya
P1618,Sakya
P3731,Sakya
P461,Sakya
P60,Sakya
P787,Sakya
P791,Sakya
P803,Sakya
P809,Sakya
P1036,Sakya
P1KG17636,Sakya
P3089,Sakya
P3CN15377,Sakya
P4288,Sakya
P460,Sakya
P499,Sakya
P4CZ75608,Sakya
P5949,Sakya
P6685,Sakya
P7997,Sakya
P9505,Sakya
P964,Sakya
P1072,Sakya
P1175,Sakya
P2612,Sakya
P3730,Sakya
P487,Sakya
P788,Sakya
P807,Sakya
P9187,Sakya
P780,Sakya
P10675,"Sakya, DrigungKagyu"
P1992,"Sakya, Geluk"
P3946,"Sakya, Geluk"
P3947,"Sakya, Geluk"
P3948,"Sakya, Geluk"
P3949,"Sakya, Geluk"
P3CN359,"Sakya, Geluk"
P4940,"Sakya, Geluk"
P8LS12278,"Sakya, Geluk"
P8LS12279,"Sakya, Geluk"
P8LS12280,"Sakya, Geluk"
P8LS12281,"Sakya, Geluk"
P8LS12282,"Sakya, Geluk"
P8LS12283,"Sakya, Geluk"
P8LS12284,"Sakya, Geluk"
P8LS12285,"Sakya, Geluk"
P8LS12286,"Sakya, Geluk"
P8LS12287,"Sakya, Geluk"
P8LS12289,"Sakya, Geluk"
P8LS12290,"Sakya, Geluk"
P8LS12291,"Sakya, Geluk"
P8LS12295,"Sakya, Geluk"
P8LS12298,"Sakya, Geluk"
P8LS12299,"Sakya, Geluk"
P8LS13265,"Sakya, Geluk"
P9411,"Sakya, Geluk"
P9422,"Sakya, Geluk"
P9423,"Sakya, Geluk"
P9425,"Sakya, Geluk"
P1025,"Sakya, Kadam"
P7270,"Sakya, Rime"
P1089,"Sakya, Zhalu"
P11MS148,ShangpaKagyu
P1783,ShangpaKagyu
P1984,ShangpaKagyu
P2248,ShangpaKagyu
P2391,ShangpaKagyu
P2422,ShangpaKagyu
P2805,ShangpaKagyu
P2846,ShangpaKagyu
P2847,ShangpaKagyu
P2CN11071,ShangpaKagyu
P2CN20,ShangpaKagyu
P3768,ShangpaKagyu
P4407,ShangpaKagyu
P4636,ShangpaKagyu
P478,ShangpaKagyu
P5706,ShangpaKagyu
P88,ShangpaKagyu
P89,ShangpaKagyu
P95,ShangpaKagyu
P2778,ShangpaKagyu
P644,ShangpaKagyu
P39,ShangpaKagyu
P7844,ShangpaKagyu
P7845,ShangpaKagyu
P938,"ShangpaKagyu, KarmaKagyu"
P1019,TaklungKagyu
P1009,TaklungKagyu
P1011,TaklungKagyu
P1784,TaklungKagyu
P1817,TaklungKagyu
P1818,TaklungKagyu
P2492,TaklungKagyu
P2649,TaklungKagyu
P3045,TaklungKagyu
P3756,TaklungKagyu
P4059,TaklungKagyu
P452,TaklungKagyu
P4902,TaklungKagyu
P504,TaklungKagyu
P5494,TaklungKagyu
P5545,TaklungKagyu
P5555,TaklungKagyu
P5557,TaklungKagyu
P5566,TaklungKagyu
P6510,TaklungKagyu
P6513,TaklungKagyu
P7724,TaklungKagyu
P7725,TaklungKagyu
P7726,TaklungKagyu
P7727,TaklungKagyu
P7728,TaklungKagyu
P832,TaklungKagyu
P8425,TaklungKagyu
P8428,TaklungKagyu
P8439,TaklungKagyu
P899,TaklungKagyu
P8LS75414,TaklungKagyu
P947,TaklungKagyu
P954,TaklungKagyu
P1857,TsalpaKagyu
P4297,"TsalpaKagyu, Geluk"
P2GS1015,YazangKagyu
P3CN19937,YazangKagyu
P4136,YazangKagyu
P4156,YazangKagyu
P4322,YazangKagyu
P8727,YazangKagyu
P5132,YelpaKagyu
P10472,Zhalu
P154,Zhalu
P155,Zhalu
P1597,Zhalu
P4422,Zhalu
P6905,Zhalu
P857,Zhalu
P6904,Zhalu
P2CZ9165,Zhije
P10214,ZurmangKagyu
P10573,ZurmangKagyu
P10574,ZurmangKagyu
P1983,ZurmangKagyu
P1AT286,ZurmangKagyu
P2021,ZurmangKagyu
P2928,ZurmangKagyu
P2GS979,ZurmangKagyu
P6896,ZurmangKagyu
P7584,ZurmangKagyu
P851,ZurmangKagyu
P9700,ZurmangKagyu
P9701,ZurmangKagyu
P9702,ZurmangKagyu
P9703,ZurmangKagyu
P9704,ZurmangKagyu
P9705,ZurmangKagyu
P9706,ZurmangKagyu
P9707,ZurmangKagyu
P9708,ZurmangKagyu
P5784,ZurmangKagyu
